From;To;Type;Through;start_x;start_y;stop_x;stop_y;Comment
2505;3049;canal;2505;-1;-1;-1;-1;deeprun_tram
1586;1035;canal;1586;-1;-1;-1;-1;dark_portal_outland
3792;1035;canal;3792;-1;-1;-1;-1;dark_portal_draenor
2535;1487;canal;2535;-1;-1;-1;-1;deepholm_rift_feralas
2539;1931;canal;2539;-1;-1;-1;-1;deepholm_rift_arathi
2532;3304;canal;2532;-1;-1;-1;-1;deepholm_rift_howling_fjord
3160;2610;canal;3160;-1;-1;-1;-1;deepholm_rift_kunlai
2548;3177;canal;2548;-1;-1;-1;-1;abyssal_maw_rift_vashjir
2557;1362;canal;2557;-1;-1;-1;-1;abyssal_maw_rift_stonetalon
2564;1263;canal;2564;-1;-1;-1;-1;abyssal_maw_rift_sholazar
2552;1788;canal;2552;-1;-1;-1;-1;abyssal_maw_rift_krasarang_wilds
2576;3155;canal;2576;-1;-1;-1;-1;firelands_rift_blackrock
2593;1342;canal;2593;-1;-1;-1;-1;firelands_rift_hyjal
2585;3274;canal;2585;-1;-1;-1;-1;firelands_rift_boreal_tundra
2581;1862;canal;2581;-1;-1;-1;-1;firelands_rift_townlong_steppes
2523;1566;canal;2523;-1;-1;-1;-1;skywall_rift_uldum
2527;2154;canal;2527;-1;-1;-1;-1;skywall_rift_westfall
2530;2408;canal;2530;-1;-1;-1;-1;skywall_rift_dragonblight
2525;1806;canal;2525;-1;-1;-1;-1;skywall_rift_jade_forest
2764;1268;canal;2764;-1;-1;-1;-1;argus_rift_icecrown
2773;1335;canal;2773;-1;-1;-1;-1;argus_rift_hyjal
2769;1593;canal;2769;-1;-1;-1;-1;argus_rift_throne_of_kiljaeden
2765;3805;canal;2769;-1;-1;-1;-1;argus_rift_throne_of_kiljaeden_draenor
2772;2667;canal;2772;-1;-1;-1;-1;argus_rift_tomb_of_sargeras
4808;1268;canal;4808;-1;-1;-1;-1;oribos_rift_icecrown
3220;931;canal;3220;-1;-1;-1;-1;frozen_rift_brill
3221;642;canal;3221;-1;-1;-1;-1;frozen_rift_stratholme
3227;688;canal;3227;-1;-1;-1;-1;frozen_rift_andorhal
1813;1795;canal;1813;-1;-1;-1;-1;mistfall_tunnel
1665;3256;canal;1665;-1;-1;-1;-1;demonic_rift_conflagration
617;4919;canal;617;-1;-1;-1;-1;deep_sea_current_1
4923;4930;canal;4923;-1;-1;-1;-1;deep_sea_current_2
4933;3176;canal;4933;-1;-1;-1;-1;deep_sea_current_3
4925;4941;canal;4925;-1;-1;-1;-1;deep_sea_current_4
3174;4941;canal;3174;-1;-1;-1;-1;deep_sea_current_5
577;4892;canal;577;-1;-1;-1;-1;deep_sea_current_6
4893;4891;canal;4893;-1;-1;-1;-1;deep_sea_current_7
4889;579;canal;4889;-1;-1;-1;-1;deep_sea_current_8
573;4897;canal;573;-1;-1;-1;-1;deep_sea_current_9
4908;4916;canal;4908;-1;-1;-1;-1;deep_sea_current_10
4901;4911;canal;4901;-1;-1;-1;-1;deep_sea_current_11
4912;4900;canal;4912;-1;-1;-1;-1;deep_sea_current_12
4926;3177;canal;4926;-1;-1;-1;-1;deep_sea_current_13
652;548;sea;354;-1;-1;-1;-1;  EK - STRANGLETHORN
652;1997;sea;356;-1;-1;-1;-1;  EK - STRANGLETHORN
215;996;sea;290;-1;-1;-1;-1;  EK - STRANGLETHORN
784;618;sea;357;-1;-1;-1;-1;  EK - WESTFALL -> DARKSHIRE
533;653;sea;357;-1;-1;-1;-1;  EK - WESTFALL -> DARKSHIRE
2184;594;sea;3623;-1;-1;-1;-1;  EK - SWAMP OF SORROW
949;547;sea;302;-1;-1;-1;-1;  EK - SWAMP OF SORROW
547;2156;sea;3623;-1;-1;-1;-1;  EK - SWAMP OF SORROW
1505;2156;sea;3623;-1;-1;-1;-1;  EK - SWAMP OF SORROW
2156;994;sea;3623;-1;-1;-1;-1;  EK - SWAMP OF SORROW
994;707;sea;3623;-1;-1;-1;-1;  EK - SWAMP OF SORROW
2155;2156;sea;3623;-1;-1;-1;-1;  EK - SWAMP OF SORROW
2155;2157;sea;3623;-1;-1;-1;-1;  EK - SWAMP OF SORROW
638;547;sea;3623;-1;-1;-1;-1;  EK - SWAMP OF SORROW
1506;638;sea;3623;-1;-1;-1;-1;  EK - SWAMP OF SORROW
1995;1506;sea;304;-1;-1;-1;-1;  EK - SWAMP OF SORROW
2185;879;sea;303;-1;-1;-1;-1;  EK - SWAMP OF SORROW
2189;1995;sea;304;-1;-1;-1;-1;  EK - SWAMP OF SORROW
1005;986;sea;3619;-1;-1;-1;-1;  EK - ELWYNN FOREST
614;597;sea;312;-1;-1;-1;-1;  EK - TWILIGHT HIGHLANDS
701;1756;sea;486;-1;-1;-1;-1;  EK - TWILIGHT HIGHLANDS
1756;1757;sea;486;-1;-1;-1;-1;  EK - TWILIGHT HIGHLANDS
739;1754;sea;314;-1;-1;-1;-1;  EK - TWILIGHT HIGHLANDS
787;610;sea;486;-1;-1;-1;-1;  EK - TWILIGHT HIGHLANDS
3026;1032;sea;489;-1;-1;-1;-1;  EK - WETLANDS
3026;1939;sea;493;-1;-1;-1;-1;  EK - WETLANDS
3026;3023;sea;494;-1;-1;-1;-1;  EK - WETLANDS
3023;622;sea;494;-1;-1;-1;-1;  EK - WETLANDS
3023;580;sea;499;-1;-1;-1;-1;  EK - WETLANDS
580;3022;sea;502;-1;-1;-1;-1;  EK - WETLANDS
3022;1767;sea;502;-1;-1;-1;-1;  EK - WETLANDS
580;1764;sea;495;-1;-1;-1;-1;  EK - WETLANDS
1764;3024;sea;495;-1;-1;-1;-1;  EK - WETLANDS
1767;1055;sea;254;-1;-1;-1;-1;  EK - WETLANDS
1933;874;sea;265;-1;-1;-1;-1;   EK - ARATHI HIGHLANDS -> WETLANDS (Thandol Span)
1027;721;sea;503;-1;-1;-1;-1;   EK - ALTERAC 
2967;2968;sea;512;-1;-1;-1;-1;   EK - ANDORHAL
979;775;;1195;-1;-1;-1;-1;   EK - ANDORHAL
607;2968;sea;512;-1;-1;-1;-1;   EK - ANDORHAL
591;624;sea;512;-1;-1;-1;-1;  EK - HILLSBRAD
3066;624;sea;512;-1;-1;-1;-1;  EK - HILLSBRAD
741;538;sea;503;-1;-1;-1;-1;  EK - HILLSBRAD
721;538;sea;503;-1;-1;-1;-1;  EK - HILLSBRAD
1027;2995;sea;503;-1;-1;-1;-1;  EK - HILLSBRAD
991;2995;sea;503;-1;-1;-1;-1;  EK - HILLSBRAD
592;574;sea;3604;-1;-1;-1;-1;  EK - STRATHOLME
2190;992;;1200;-1;-1;-1;-1;  EK - STRATHOLME
2969;790;sea;513;-1;-1;-1;-1;  EK - SCHOLOMANCE
731;543;sea;3598;-1;-1;-1;-1;  EK - FENRIS ISLE
4754;702;sea;3598;-1;-1;-1;-1;  EK - FENRIS ISLE
4754;2096;sea;3598;-1;-1;-1;-1;  EK - FENRIS ISLE
2096;756;sea;3598;-1;-1;-1;-1;  EK - FENRIS ISLE
2024;3060;;1178;-1;-1;-1;-1;   EK - TIRISFAL
3061;591;;1178;-1;-1;-1;-1;   EK - TIRISFAL
890;858;sea;255;-1;-1;-1;-1;   EK - TIRISFAL
505;774;sea;244;-1;-1;-1;-1;   EK - TIRISFAL
1950;662;sea;236;-1;-1;-1;-1;   EK - TIRISFAL
646;1950;sea;236;-1;-1;-1;-1;   EK - TIRISFAL
2513;6202;sea;551;-1;-1;-1;-1;   EK - EVERSONG WOODS
2513;960;sea;551;-1;-1;-1;-1;   EK - EVERSONG WOODS
2513;1013;sea;551;-1;-1;-1;-1;   EK - EVERSONG WOODS
2985;945;sea;559;-1;-1;-1;-1;   EK - EVERSONG WOODS
6191;6215;sea;555;-1;-1;-1;-1;   EK - EVERSONG WOODS
6189;961;sea;227;-1;-1;-1;-1;   EK - EVERSONG WOODS
961;575;sea;227;-1;-1;-1;-1;   EK - EVERSONG WOODS
6184;676;sea;226;-1;-1;-1;-1;   EK - EVERSONG WOODS
6183;978;sea;226;-1;-1;-1;-1;   EK - EVERSONG WOODS
6224;6221;sea;566;-1;-1;-1;-1;  EK - GHOSTLANDS
6206;6220;sea;229;-1;-1;-1;-1;  EK - GHOSTLANDS
1029;2981;sea;229;-1;-1;-1;-1;  EK - GHOSTLANDS
2009;989;sea;243;-1;-1;-1;-1;   EK - TOL BARAD
2004;2003;sea;243;-1;-1;-1;-1;   EK - TOL BARAD
783;3078;sea;3624;-1;-1;-1;-1;   EK - ZUL GURUB
1;168;sea;3996;-1;-1;-1;-1;     KUL TIRAS - STORMSONG
570;3011;sea;3996;-1;-1;-1;-1;  KUL TIRAS - BOLARUS
3015;3009;sea;4000;-1;-1;-1;-1; KUL TIRAS - BOLARUS
3009;824;sea;4000;-1;-1;-1;-1;  KUL TIRAS - BOLARUS -> DRUSTVAR
2014;3014;sea;4000;-1;-1;-1;-1; KUL TIRAS - DRUSTVAR -> BOLARUS
5099;257;sea;3995;-1;-1;-1;-1;   KUL TIRAS - FREEHOLD
4269;2691;sea;3998;-1;-1;-1;-1; BROKEN ISLES - AZSUNA
2658;3179;sea;216;-1;-1;-1;-1;  BROKEN ISLES - AZSUNA
2645;2646;sea;3989;-1;-1;-1;-1; BROKEN ISLES - VALSHARAH
2680;2690;sea;3997;-1;-1;-1;-1; BROKEN ISLES - STORMHEIM
2684;4245;sea;3997;-1;-1;-1;-1; BROKEN ISLES - STORMHEIM
3185;2688;sea;3997;-1;-1;-1;-1; BROKEN ISLES - STORMHEIM
4242;3182;sea;3990;-1;-1;-1;-1; BROKEN ISLES - SURAMAR
4253;4252;sea;216;-1;-1;-1;-1; BROKEN ISLES - BROKEN SHORE
4254;4255;sea;3990;-1;-1;-1;-1; BROKEN ISLES - BROKEN SHORE
1135;2745;sea;4007;-1;-1;-1;-1; ZANDALAR - ZULDAZAR
2615;1135;sea;4007;-1;-1;-1;-1; ZANDALAR - ZULDAZAR
2760;2612;sea;4022;-1;-1;-1;-1; ZANDALAR - ZULDAZAR
2742;2508;sea;430;-1;-1;-1;-1;  ZANDALAR - ZULDAZAR
2743;2508;sea;430;-1;-1;-1;-1;  ZANDALAR - ZULDAZAR
1136;2618;sea;3579;-1;-1;-1;-1; ZANDALAR - NAZMIR
2716;1132;sea;4019;-1;-1;-1;-1; ZANDALAR - NAZMIR
1129;2725;sea;4019;-1;-1;-1;-1; ZANDALAR - NAZMIR
1128;2726;sea;4019;-1;-1;-1;-1; ZANDALAR - NAZMIR
2625;2618;sea;3579;-1;-1;-1;-1; ZANDALAR - NAZMIR
1127;2623;sea;4019;-1;-1;-1;-1; ZANDALAR - NAZMIR
1127;2624;sea;4019;-1;-1;-1;-1; ZANDALAR - NAZMIR
2716;2715;sea;4019;-1;-1;-1;-1; ZANDALAR - NAZMIR
1129;2715;sea;4019;-1;-1;-1;-1; ZANDALAR - NAZMIR
2618;2724;sea;3579;-1;-1;-1;-1; ZANDALAR - NAZMIR
1123;2618;sea;3579;-1;-1;-1;-1; ZANDALAR - NAZMIR
2626;1120;sea;4019;-1;-1;-1;-1; ZANDALAR - VOLDUN
2626;2729;sea;4019;-1;-1;-1;-1; ZANDALAR - VOLDUN
1120;2731;sea;4019;-1;-1;-1;-1; ZANDALAR - VOLDUN
2472;3208;sea;4047;-1;-1;-1;-1; PLUNDER ISLE
4130;4131;sea;4048;-1;-1;-1;-1; PLUNDER ISLE
4130;4783;sea;4048;-1;-1;-1;-1; PLUNDER ISLE
74;98;sea;4049;-1;-1;-1;-1; PLUNDER ISLE
84;98;sea;4049;-1;-1;-1;-1; PLUNDER ISLE
4759;4781;sea;4049;-1;-1;-1;-1; PLUNDER ISLE
27;96;sea;4050;-1;-1;-1;-1; PLUNDER ISLE
96;97;sea;4050;-1;-1;-1;-1; PLUNDER ISLE
96;99;sea;4050;-1;-1;-1;-1; PLUNDER ISLE
99;100;sea;4050;-1;-1;-1;-1; PLUNDER ISLE
97;100;sea;4050;-1;-1;-1;-1; PLUNDER ISLE
103;104;sea;30;-1;-1;-1;-1; PLUNDER ISLE
104;105;sea;30;-1;-1;-1;-1; PLUNDER ISLE
131;143;sea;272;-1;-1;-1;-1; PLUNDER ISLE
143;149;sea;272;-1;-1;-1;-1; PLUNDER ISLE
144;153;sea;272;-1;-1;-1;-1; PLUNDER ISLE
152;155;sea;272;-1;-1;-1;-1; PLUNDER ISLE
156;157;sea;272;-1;-1;-1;-1; PLUNDER ISLE
157;158;sea;272;-1;-1;-1;-1; PLUNDER ISLE
176;178;sea;269;-1;-1;-1;-1; PLUNDER ISLE
177;178;sea;269;-1;-1;-1;-1; PLUNDER ISLE
918;2453;sea;353;-1;-1;-1;-1;   NORTHREND - GRIZZLY HILLS
2113;849;sea;352;-1;-1;-1;-1;   NORTHREND - GRIZZLY HILLS
849;967;sea;352;-1;-1;-1;-1;    NORTHREND - GRIZZLY HILLS
2483;2484;sea;351;-1;-1;-1;-1;  NORTHREND - GRIZZLY HILLS
599;3292;sea;287;-1;-1;-1;-1;   NORTHREND - GRIZZLY HILLS
1289;2480;sea;190;-1;-1;-1;-1;  NORTHREND - GRIZZLY HILLS
1289;2479;sea;287;-1;-1;-1;-1;  NORTHREND - GRIZZLY HILLS
2412;2415;sea;287;-1;-1;-1;-1;  NORTHREND - GRIZZLY HILLS
2449;2488;sea;184;-1;-1;-1;-1;  NORTHREND - GRIZZLY HILLS
2397;1281;sea;286;-1;-1;-1;-1;  NORTHREND - DRAGONBLIGHT
1281;2344;sea;286;-1;-1;-1;-1;  NORTHREND - DRAGONBLIGHT -> BOREAN TUNDRA
748;2401;sea;191;-1;-1;-1;-1;   NORTHREND - DRAGONBLIGHT
2399;2400;sea;191;-1;-1;-1;-1;  NORTHREND - DRAGONBLIGHT
3272;1052;sea;163;-1;-1;-1;-1;  NORTHREND - BOREAN TUNDRA
2125;2119;sea;187;-1;-1;-1;-1;  NORTHREND - BOREAN TUNDRA
919;2338;sea;192;-1;-1;-1;-1;   NORTHREND - BOREAN TUNDRA
564;1290;sea;188;-1;-1;-1;-1;   NORTHREND - HOWLING FJORD
2462;564;sea;188;-1;-1;-1;-1;   NORTHREND - HOWLING FJORD
846;2381;sea;173;-1;-1;-1;-1;   NORTHREND - ICECROWN
4097;4095;sea;208;-1;-1;-1;-1;  NORTHREND - ICECROWN
728;3266;sea;161;-1;-1;-1;-1;   NORTHREND - STORM PEAKS
3230;2390;sea;161;-1;-1;-1;-1;  NORTHREND - STORM PEAKS
1719;2069;sea;3593;-1;-1;-1;-1; PANDARIA - JADE FOREST
1738;1735;sea;2084;-1;-1;-1;-1; PANDARIA - JADE FOREST
1718;1734;sea;4031;-1;-1;-1;-1; PANDARIA - JADE FOREST
1736;1722;sea;4029;-1;-1;-1;-1; PANDARIA - JADE FOREST
4435;4432;sea;4029;-1;-1;-1;-1; PANDARIA - JADE FOREST
1726;1727;sea;4029;-1;-1;-1;-1; PANDARIA - JADE FOREST
4439;1728;sea;4028;-1;-1;-1;-1; PANDARIA - JADE FOREST
1737;1730;sea;4028;-1;-1;-1;-1; PANDARIA - JADE FOREST
1912;1911;sea;10;-1;-1;-1;-1;   PANDARIA - KUNLAI SUMMIT
1911;1898;sea;10;-1;-1;-1;-1;   PANDARIA - KUNLAI SUMMIT
3213;1905;sea;407;-1;-1;-1;-1;  PANDARIA - KUNLAI SUMMIT
1779;1780;sea;2084;-1;-1;-1;-1; PANDARIA - KRASARANG WILDS
1779;1781;sea;2085;-1;-1;-1;-1; PANDARIA - KRASARANG WILDS
1780;1781;sea;2085;-1;-1;-1;-1; PANDARIA - KRASARANG WILDS
1780;1206;sea;2085;-1;-1;-1;-1; PANDARIA - KRASARANG WILDS
1787;348;sea;2092;-1;-1;-1;-1;  PANDARIA - KRASARANG WILDS
348;405;sea;2092;-1;-1;-1;-1;   PANDARIA - KRASARANG WILDS
1787;840;sea;2092;-1;-1;-1;-1;  PANDARIA - KRASARANG WILDS
1784;1775;sea;441;-1;-1;-1;-1;  PANDARIA - KRASARANG WILDS
1838;1837;sea;2090;-1;-1;-1;-1; PANDARIA - DREAD WASTES
1837;1847;sea;2090;-1;-1;-1;-1; PANDARIA - DREAD WASTES
1871;4952;sea;4034;-1;-1;-1;-1; PANDARIA - TOWNLONG STEPPES
1871;1867;sea;4034;-1;-1;-1;-1; PANDARIA - TOWNLONG STEPPES
1867;1870;sea;4034;-1;-1;-1;-1; PANDARIA - TOWNLONG STEPPES
1880;1881;sea;4034;-1;-1;-1;-1; PANDARIA - TOWNLONG STEPPES
4447;1881;sea;409;-1;-1;-1;-1;  PANDARIA - TOWNLONG STEPPES
4122;4123;sea;4030;-1;-1;-1;-1; PANDARIA - ISLE OF GIANTS
1106;1107;sea;3978;-1;-1;-1;-1; LOST ISLES
1101;1102;sea;3978;-1;-1;-1;-1; LOST ISLES
1575;4598;sea;59;-1;-1;-1;-1;   KALIMDOR - ULDUM
1559;1562;sea;282;-1;-1;-1;-1;  KALIMDOR - ULDUM
1562;4602;sea;282;-1;-1;-1;-1;  KALIMDOR - ULDUM
476;1238;sea;283;-1;-1;-1;-1;   KALIMDOR - ULDUM
1562;4617;sea;282;-1;-1;-1;-1;  KALIMDOR - ULDUM
3485;3501;sea;3521;-1;-1;-1;-1; KALIMDOR - DUSTWALLOW MARSH
3501;3502;sea;3521;-1;-1;-1;-1; KALIMDOR - DUSTWALLOW MARSH
3502;3500;sea;3521;-1;-1;-1;-1; KALIMDOR - DUSTWALLOW MARSH
3500;2950;sea;3521;-1;-1;-1;-1; KALIMDOR - DUSTWALLOW MARSH
1463;3509;sea;3521;-1;-1;-1;-1; KALIMDOR - DUSTWALLOW MARSH
3506;3508;sea;3521;-1;-1;-1;-1; KALIMDOR - DUSTWALLOW MARSH
3508;2953;sea;3521;-1;-1;-1;-1; KALIMDOR - DUSTWALLOW MARSH
3508;1450;sea;3521;-1;-1;-1;-1; KALIMDOR - DUSTWALLOW MARSH
1456;2951;sea;58;-1;-1;-1;-1;   KALIMDOR - DUSTWALLOW MARSH
1456;3499;sea;58;-1;-1;-1;-1;   KALIMDOR - DUSTWALLOW MARSH
2201;3512;sea;115;-1;-1;-1;-1;  KALIMDOR - DUSTWALLOW MARSH
2949;3511;sea;115;-1;-1;-1;-1;  KALIMDOR - DUSTWALLOW MARSH
1461;3510;sea;58;-1;-1;-1;-1;   KALIMDOR - DUSTWALLOW MARSH
1452;3510;sea;58;-1;-1;-1;-1;   KALIMDOR - DUSTWALLOW MARSH
1384;4802;sea;116;-1;-1;-1;-1;  KALIMDOR - DARKSPEAR ISLES
4803;3405;sea;116;-1;-1;-1;-1;  KALIMDOR - DARKSPEAR ISLES
4802;4804;sea;116;-1;-1;-1;-1;  KALIMDOR - DARKSPEAR ISLES
4801;4804;sea;116;-1;-1;-1;-1;  KALIMDOR - DARKSPEAR ISLES
3470;1372;sea;285;-1;-1;-1;-1;  KALIMDOR - DUROTAR -> BARRENS
3328;1065;sea;94;-1;-1;-1;-1;   KALIMDOR - TELDRASSIL
2260;2262;sea;51;-1;-1;-1;-1;   KALIMDOR - AZUREMYST ISLE
1092;3349;sea;66;-1;-1;-1;-1;   KALIMDOR - AZUREMYST ISLE
2271;2264;sea;87;-1;-1;-1;-1;   KALIMDOR - AZUREMYST ISLE -> BLOODMYST ISLE
3366;1074;sea;88;-1;-1;-1;-1;   KALIMDOR - BLOODMYST ISLE
1497;2304;;3523;-1;-1;-1;-1;    KALIMDOR - FERALAS
1497;2303;;3523;-1;-1;-1;-1;    KALIMDOR - FERALAS
1497;2305;;3523;-1;-1;-1;-1;    KALIMDOR - FERALAS
4460;4475;sea;107;-1;-1;-1;-1;  KALIMDOR - FERALAS
4477;4462;sea;107;-1;-1;-1;-1;  KALIMDOR - FERALAS
1310;4661;sea;3530;-1;-1;-1;-1; KALIMDOR - ASHENVALE
1310;4665;sea;3530;-1;-1;-1;-1; KALIMDOR - ASHENVALE
4682;4680;sea;67;-1;-1;-1;-1;   KALIMDOR - ASHENVALE
4687;1303;sea;67;-1;-1;-1;-1;   KALIMDOR - DARKSHORE
1410;4694;sea;3551;-1;-1;-1;-1; KALIMDOR - DARKSHORE
4091;2246;sea;56;-1;-1;-1;-1;   KALIMDOR - AZSHARA
4090;4092;sea;56;-1;-1;-1;-1;   KALIMDOR - AZSHARA
4092;2249;sea;56;-1;-1;-1;-1;   KALIMDOR - AZSHARA
4062;4063;sea;65;-1;-1;-1;-1;   KALIMDOR - TANARIS
3685;1403;sea;68;-1;-1;-1;-1;   KALIMDOR - DESOLACE
5881;5891;sea;3968;-1;-1;-1;-1; OUTLAND - SHADOWMOON
5901;5891;sea;3968;-1;-1;-1;-1; OUTLAND - SHADOWMOON
5892;5899;sea;3968;-1;-1;-1;-1; OUTLAND - SHADOWMOON
5893;5900;sea;3968;-1;-1;-1;-1; OUTLAND - SHADOWMOON
1672;5892;sea;3968;-1;-1;-1;-1; OUTLAND - SHADOWMOON
5894;5887;sea;3968;-1;-1;-1;-1; OUTLAND - SHADOWMOON
5893;5886;sea;3968;-1;-1;-1;-1; OUTLAND - SHADOWMOON
2040;1651;sea;3968;-1;-1;-1;-1; OUTLAND - TEROKKAR
2040;2039;sea;3968;-1;-1;-1;-1; OUTLAND - TEROKKAR
2066;1616;sea;3968;-1;-1;-1;-1; OUTLAND - ZANGERMARSH
5953;5760;sea;3968;-1;-1;-1;-1; OUTLAND - ZANGERMARSH
5954;5765;sea;3968;-1;-1;-1;-1; OUTLAND - ZANGERMARSH
5955;5764;sea;3968;-1;-1;-1;-1; OUTLAND - ZANGERMARSH
5956;5767;sea;3968;-1;-1;-1;-1; OUTLAND - ZANGERMARSH
5956;5957;sea;3968;-1;-1;-1;-1; OUTLAND - ZANGERMARSH
5963;5754;sea;3968;-1;-1;-1;-1; OUTLAND - ZANGERMARSH
5957;5842;sea;3968;-1;-1;-1;-1; OUTLAND - NAGRAND
5958;1624;sea;3968;-1;-1;-1;-1; OUTLAND - NAGRAND
5959;5852;sea;3968;-1;-1;-1;-1; OUTLAND - NAGRAND
5960;5853;sea;3968;-1;-1;-1;-1; OUTLAND - NAGRAND
3957;1587;sea;3968;-1;-1;-1;-1; OUTLAND - HELLFIRE PENISULA
5934;5930;sea;3968;-1;-1;-1;-1; OUTLAND - HELLFIRE PENISULA
1652;5961;sea;3968;-1;-1;-1;-1; OUTLAND - HELLFIRE PENISULA
5908;5962;sea;3968;-1;-1;-1;-1; OUTLAND - HELLFIRE PENISULA
3957;5929;sea;3968;-1;-1;-1;-1; OUTLAND - HELLFIRE PENISULA
5929;3955;sea;3968;-1;-1;-1;-1; OUTLAND - HELLFIRE PENISULA
1699;1704;sea;3968;-1;-1;-1;-1; OUTLAND - NETHERSTORM
5700;5948;sea;3968;-1;-1;-1;-1; OUTLAND - NETHERSTORM
1704;5948;sea;3968;-1;-1;-1;-1; OUTLAND - NETHERSTORM
5702;5696;sea;3968;-1;-1;-1;-1; OUTLAND - NETHERSTORM
1703;2057;sea;3968;-1;-1;-1;-1; OUTLAND - NETHERSTORM
1703;5711;sea;3968;-1;-1;-1;-1; OUTLAND - NETHERSTORM
4796;1717;sea;3968;-1;-1;-1;-1; OUTLAND - NETHERSTORM
1717;5708;sea;3968;-1;-1;-1;-1; OUTLAND - NETHERSTORM
4795;1717;sea;3968;-1;-1;-1;-1; OUTLAND - NETHERSTORM
4794;1717;sea;3968;-1;-1;-1;-1; OUTLAND - NETHERSTORM
5687;5685;sea;3968;-1;-1;-1;-1; OUTLAND - NETHERSTORM
5718;5949;sea;3968;-1;-1;-1;-1; OUTLAND - NETHERSTORM
1712;2061;sea;3968;-1;-1;-1;-1; OUTLAND - NETHERSTORM
5722;5714;sea;3968;-1;-1;-1;-1; OUTLAND - NETHERSTORM
5688;1714;sea;3968;-1;-1;-1;-1; OUTLAND - NETHERSTORM
5694;5693;sea;3968;-1;-1;-1;-1; OUTLAND - NETHERSTORM
5713;1716;sea;3968;-1;-1;-1;-1; OUTLAND - NETHERSTORM
1714;5687;sea;3968;-1;-1;-1;-1; OUTLAND - NETHERSTORM
5951;5691;sea;3968;-1;-1;-1;-1; OUTLAND - NETHERSTORM
5952;5701;sea;3968;-1;-1;-1;-1; OUTLAND - NETHERSTORM
5697;5949;sea;3968;-1;-1;-1;-1; OUTLAND - NETHERSTORM
5703;5949;sea;3968;-1;-1;-1;-1; OUTLAND - NETHERSTORM
5947;5721;sea;3968;-1;-1;-1;-1; OUTLAND - NETHERSTORM
5947;5731;sea;3968;-1;-1;-1;-1; OUTLAND - NETHERSTORM
5715;5714;sea;3968;-1;-1;-1;-1; OUTLAND - NETHERSTORM
5946;1706;sea;3968;-1;-1;-1;-1; OUTLAND - NETHERSTORM
5945;1708;sea;3968;-1;-1;-1;-1; OUTLAND - NETHERSTORM
5709;1707;sea;3968;-1;-1;-1;-1; OUTLAND - NETHERSTORM
5950;5705;sea;3968;-1;-1;-1;-1; OUTLAND - NETHERSTORM
5950;2059;sea;3968;-1;-1;-1;-1; OUTLAND - NETHERSTORM
5449;3773;sea;3745;-1;-1;-1;-1; DRAENOR - TALADOR
5430;3773;sea;3745;-1;-1;-1;-1; DRAENOR - TALADOR
5445;3773;sea;3745;-1;-1;-1;-1; DRAENOR - TALADOR
5445;3772;sea;3745;-1;-1;-1;-1; DRAENOR - TALADOR
5444;3773;sea;3745;-1;-1;-1;-1; DRAENOR - TALADOR
5444;5440;sea;3745;-1;-1;-1;-1; DRAENOR - TALADOR
5392;5396;sea;3897;-1;-1;-1;-1; DRAENOR - NAGRAND
5397;5398;sea;3897;-1;-1;-1;-1; DRAENOR - NAGRAND
5492;5490;sea;3894;-1;-1;-1;-1; DRAENOR - SHADOWMOON
5497;3812;sea;3890;-1;-1;-1;-1; DRAENOR - SHADOWMOON
5501;5502;sea;3890;-1;-1;-1;-1; DRAENOR - SHADOWMOON
5503;5506;sea;3891;-1;-1;-1;-1; DRAENOR - SHADOWMOON
5495;3812;sea;3890;-1;-1;-1;-1; DRAENOR - SHADOWMOON
3954;5565;sea;3873;-1;-1;-1;-1; DRAENOR - TANAAN
5599;5568;sea;3873;-1;-1;-1;-1; DRAENOR - GORGROND
5603;5604;sea;3869;-1;-1;-1;-1; DRAENOR - FROSTFIRE RIDGE
5468;5465;sea;3895;-1;-1;-1;-1; DRAENOR - SPIRES OF ARAK
5468;3818;sea;3895;-1;-1;-1;-1; DRAENOR - SPIRES OF ARAK
2526;1560;sea;3738;-1;-1;-1;-1; SKYWALL
2531;1560;sea;3738;-1;-1;-1;-1; SKYWALL
2524;1560;sea;3738;-1;-1;-1;-1; SKYWALL
2525;1560;sea;3738;-1;-1;-1;-1; SKYWALL
2522;2524;sea;3738;-1;-1;-1;-1; SKYWALL
2523;2524;sea;3738;-1;-1;-1;-1; SKYWALL
2525;2530;sea;3738;-1;-1;-1;-1; SKYWALL
2530;2528;sea;3738;-1;-1;-1;-1; SKYWALL
2529;2530;sea;3738;-1;-1;-1;-1; SKYWALL
2528;2527;sea;3738;-1;-1;-1;-1; SKYWALL
2529;1561;sea;3738;-1;-1;-1;-1; SKYWALL
2531;1561;sea;3738;-1;-1;-1;-1; SKYWALL
1560;2531;sea;3738;-1;-1;-1;-1; SKYWALL
2572;2571;sea;3084;-1;-1;-1;-1; FIRELANDS
2578;2581;sea;3084;-1;-1;-1;-1; FIRELANDS
2580;2576;sea;3084;-1;-1;-1;-1; FIRELANDS
2583;2584;sea;3084;-1;-1;-1;-1; FIRELANDS
2584;2596;sea;3084;-1;-1;-1;-1; FIRELANDS
2589;2585;sea;3084;-1;-1;-1;-1; FIRELANDS
2590;2599;sea;3084;-1;-1;-1;-1; FIRELANDS
2772;2789;sea;3737;-1;-1;-1;-1; ARGUS
2784;2789;sea;3737;-1;-1;-1;-1; ARGUS
2778;2781;sea;3737;-1;-1;-1;-1; ARGUS
2916;5370;sea;2934;-1;-1;-1;-1; DRAGON ISLES
2913;5359;sea;2933;-1;-1;-1;-1; DRAGON ISLES
2914;5359;sea;2931;-1;-1;-1;-1; DRAGON ISLES
2914;2913;sea;2931;-1;-1;-1;-1; DRAGON ISLES
5376;5371;sea;2933;-1;-1;-1;-1; DRAGON ISLES
2907;5315;sea;2936;-1;-1;-1;-1; DRAGON ISLES
5224;5206;sea;2923;-1;-1;-1;-1; DRAGON ISLES
5209;2846;sea;2924;-1;-1;-1;-1; DRAGON ISLES
5143;5142;sea;2921;-1;-1;-1;-1; DRAGON ISLES
5131;2810;sea;2920;-1;-1;-1;-1; DRAGON ISLES
2811;2810;sea;2920;-1;-1;-1;-1; DRAGON ISLES
3224;834;;658;-1;-1;-1;-1;HALL OF ARCHAVON
4791;3224;;658;-1;-1;-1;-1;AZJOL NERUB
4786;2361;;658;-1;-1;-1;-1;AZJOL NERUB
4790;2367;;658;-1;-1;-1;-1;AZJOL NERUB
4791;4792;;658;-1;-1;-1;-1;AZJOL NERUB
4793;995;;658;-1;-1;-1;-1;AZJOL NERUB
4793;3278;;658;-1;-1;-1;-1;AZJOL NERUB
2357;4793;;658;-1;-1;-1;-1;AZJOL NERUB
4793;2127;;658;-1;-1;-1;-1;AZJOL NERUB
4151;4150;sea;2093;-1;-1;-1;-1; PARADISE ISLES
4149;4150;sea;2093;-1;-1;-1;-1; PARADISE ISLES
4117;4150;sea;2093;-1;-1;-1;-1; PARADISE ISLES
4117;4148;sea;2093;-1;-1;-1;-1; PARADISE ISLES
4117;3091;sea;2093;-1;-1;-1;-1; PARADISE ISLES
3091;3093;sea;2093;-1;-1;-1;-1; PARADISE ISLES
3093;3092;sea;2093;-1;-1;-1;-1; PARADISE ISLES
3093;3094;sea;60;-1;-1;-1;-1; PARADISE ISLES
3095;3094;sea;60;-1;-1;-1;-1; PARADISE ISLES
3096;3094;sea;60;-1;-1;-1;-1; PARADISE ISLES
3094;3097;sea;60;-1;-1;-1;-1; PARADISE ISLES
3097;3098;sea;60;-1;-1;-1;-1; PARADISE ISLES
3098;3099;sea;60;-1;-1;-1;-1; PARADISE ISLES
3099;4142;sea;60;-1;-1;-1;-1; PARADISE ISLES
4142;4141;sea;60;-1;-1;-1;-1; PARADISE ISLES
3100;4141;sea;60;-1;-1;-1;-1; PARADISE ISLES
3124;4141;sea;60;-1;-1;-1;-1; PARADISE ISLES
3125;3104;sea;4038;-1;-1;-1;-1; PARADISE ISLES
3101;4112;sea;60;-1;-1;-1;-1; PARADISE ISLES
3102;4112;sea;60;-1;-1;-1;-1; PARADISE ISLES
3117;3129;sea;77;-1;-1;-1;-1; PARADISE ISLES
3116;3117;sea;61;-1;-1;-1;-1; PARADISE ISLES
3115;4152;sea;77;-1;-1;-1;-1; PARADISE ISLES
4116;3114;sea;77;-1;-1;-1;-1; PARADISE ISLES
3125;4144;sea;4038;-1;-1;-1;-1; PARADISE ISLES
3126;4144;sea;4038;-1;-1;-1;-1; PARADISE ISLES
3113;3127;sea;77;-1;-1;-1;-1; PARADISE ISLES
4145;3112;sea;77;-1;-1;-1;-1; PARADISE ISLES
3112;4146;sea;77;-1;-1;-1;-1; PARADISE ISLES
3118;3119;sea;61;-1;-1;-1;-1; PARADISE ISLES
3132;3120;sea;77;-1;-1;-1;-1; PARADISE ISLES
3111;3138;sea;4038;-1;-1;-1;-1; PARADISE ISLES
3105;3106;sea;4038;-1;-1;-1;-1; PARADISE ISLES
3110;3108;sea;4038;-1;-1;-1;-1; PARADISE ISLES
3109;3108;sea;4038;-1;-1;-1;-1; PARADISE ISLES
3107;3108;sea;4038;-1;-1;-1;-1; PARADISE ISLES
3108;3141;sea;4038;-1;-1;-1;-1; PARADISE ISLES
4116;4147;sea;77;-1;-1;-1;-1; PARADISE ISLES
3129;4116;sea;77;-1;-1;-1;-1; PARADISE ISLES
4815;4809;sea;3085;-1;-1;-1;-1; SHADOWLANDS
4815;4816;sea;3085;-1;-1;-1;-1; SHADOWLANDS
4820;4829;sea;3085;-1;-1;-1;-1; SHADOWLANDS
4818;4825;sea;3085;-1;-1;-1;-1; SHADOWLANDS
4817;4813;sea;3085;-1;-1;-1;-1; SHADOWLANDS
4813;4878;sea;3085;-1;-1;-1;-1; SHADOWLANDS
4882;4812;sea;3085;-1;-1;-1;-1; SHADOWLANDS
4812;4866;sea;3085;-1;-1;-1;-1; SHADOWLANDS
4864;4811;sea;3085;-1;-1;-1;-1; SHADOWLANDS
4811;4850;sea;3085;-1;-1;-1;-1; SHADOWLANDS
4810;4850;sea;3085;-1;-1;-1;-1; SHADOWLANDS
4842;4810;sea;3085;-1;-1;-1;-1; SHADOWLANDS
4814;4808;sea;3085;-1;-1;-1;-1; SHADOWLANDS
4812;4808;sea;3085;-1;-1;-1;-1; SHADOWLANDS
4811;4808;sea;3085;-1;-1;-1;-1; SHADOWLANDS
4810;4808;sea;3085;-1;-1;-1;-1; SHADOWLANDS
4809;4814;sea;3085;-1;-1;-1;-1; SHADOWLANDS
4813;4814;sea;3085;-1;-1;-1;-1; SHADOWLANDS
4844;4855;sea;3085;-1;-1;-1;-1; SHADOWLANDS
1322;5007;;1700;-1;-1;-1;-1;HYJAL
5009;5008;;1700;-1;-1;-1;-1;HYJAL
5006;5005;;1700;-1;-1;-1;-1;HYJAL
5008;4991;;1096;-1;-1;-1;-1;HYJAL
4995;4991;;1096;-1;-1;-1;-1;HYJAL
4992;5002;;1096;-1;-1;-1;-1;HYJAL
4998;5001;;508;-1;-1;-1;-1;HYJAL
5021;5001;;508;-1;-1;-1;-1;HYJAL
5000;4999;;508;-1;-1;-1;-1;HYJAL
1342;4963;;1963;-1;-1;-1;-1;HYJAL
4962;4963;;1963;-1;-1;-1;-1;HYJAL
4959;4960;;1963;-1;-1;-1;-1;HYJAL
1324;5038;;1414;-1;-1;-1;-1;MOONGLADE
4713;5034;;1414;-1;-1;-1;-1;DARKSHORE
5000;5053;;508;-1;-1;-1;-1;HYJAL
4092;5040;sea;56;-1;-1;-1;-1;AZSHARA
4092;5041;sea;56;-1;-1;-1;-1;AZSHARA
2666;5081;sea;414;-1;-1;-1;-1;EYE OF AZSHARA
257;5100;sea;3995;-1;-1;-1;-1; KUL TIRAS - FREEHOLD
1106;5078;sea;3978;-1;-1;-1;-1;LOST ISLE
1097;5075;sea;3979;-1;-1;-1;-1;LOST ISLE
5132;5126;;2800;-1;-1;-1;-1;AZURE SPAN
5205;2839;sea;2922;-1;-1;-1;-1;AZURE SPAN
2853;5263;sea;2567;-1;-1;-1;-1;OHN'ARA PLAINS
2853;5265;sea;2567;-1;-1;-1;-1;OHN'ARA PLAINS
5261;5262;sea;2699;-1;-1;-1;-1;OHN'ARA PLAINS
5315;2910;sea ;2936;-1;-1;-1;-1;DRAGON ISLES
3479;1432;sea;91;-1;-1;-1;-1;Azshara
3490;3495;;1826;-1;-1;-1;-1;Dustwallow marsh
3491;1450;;2257;-1;-1;-1;-1;Dustwallow marsh
3489;3507;;2257;-1;-1;-1;-1;Dustwallow marsh
5985;6062;;5978;-1;-1;-1;-1;ISLE OF DORN: Coreway -> Ironhaul Station
6025;6048;;5978;-1;-1;-1;-1;ISLE OF DORN: Skolzgal Mill -> Pillarstone Spire
6003;6035;;5978;-1;-1;-1;-1;ISLE OF DORN: Orecreg Elevator -> Opportunity Point
6112;6093;sea;5978;-1;-1;-1;-1;HALLOWFALL
6111;6093;sea;5978;-1;-1;-1;-1;HALLOWFALL
6106;6098;sea;5978;-1;-1;-1;-1;HALLOWFALL
6098;6095;sea;5978;-1;-1;-1;-1;HALLOWFALL
6074;6095;sea;5978;-1;-1;-1;-1;HALLOWFALL
6081;6096;sea;5978;-1;-1;-1;-1;HALLOWFALL
6093;6094;sea;5978;-1;-1;-1;-1;HALLOWFALL
6087;6084;sea;5978;-1;-1;-1;-1;HALLOWFALL
6082;6089;sea;5978;-1;-1;-1;-1;HALLOWFALL
6089;6088;sea;5978;-1;-1;-1;-1;HALLOWFALL
5989;5991;sea;6168;-1;-1;-1;-1;ISLE OF DORN
5996;5997;sea;6168;-1;-1;-1;-1;ISLE OF DORN
6025;6029;sea;146;-1;-1;-1;-1;ISLE OF DORN
6029;6030;sea;146;-1;-1;-1;-1;ISLE OF DORN
6030;6031;sea;146;-1;-1;-1;-1;ISLE OF DORN
6018;6017;sea;6163;-1;-1;-1;-1;ISLE OF DORN
6010;6011;sea;6164;-1;-1;-1;-1;ISLE OF DORN
5998;6000;sea;6167;-1;-1;-1;-1;ISLE OF DORN
6035;6037;sea;5983;-1;-1;-1;-1;RINGING DEEPS
6035;6040;sea;5983;-1;-1;-1;-1;RINGING DEEPS
6200;2511;sea;327;-1;-1;-1;-1;ZUL AMAN
6200;1064;;1202;-1;-1;-1;-1;ZUL AMAN - EVERSONG
6231;1039;;3600;-1;-1;-1;-1;GHOSTLANDS
6231;6230;;3600;-1;-1;-1;-1;GHOSTLANDS
6231;6229;;3600;-1;-1;-1;-1;GHOSTLANDS
-1;-1;-1;-1;-1;-1;-1;-1;
